[{"model": "homepage.geocategory", "pk": 1, "fields": {"created_at": "2024-03-11T18:11:00.108Z", "modified_at": "2024-03-11T18:11:00.112Z", "name_ru": "Страна", "name_eng": "Country"}}, {"model": "homepage.geocategory", "pk": 2, "fields": {"created_at": "2024-03-11T18:11:00.108Z", "modified_at": "2024-03-11T18:11:00.112Z", "name_ru": "Округ", "name_eng": "District"}}, {"model": "homepage.geocategory", "pk": 3, "fields": {"created_at": "2024-03-11T18:11:00.108Z", "modified_at": "2024-03-11T18:11:00.112Z", "name_ru": "Республика", "name_eng": "Republic"}}, {"model": "homepage.geocategory", "pk": 4, "fields": {"created_at": "2024-03-11T18:11:00.108Z", "modified_at": "2024-03-11T18:11:00.112Z", "name_ru": "Край", "name_eng": "Territories"}}, {"model": "homepage.geocategory", "pk": 5, "fields": {"created_at": "2024-03-11T18:11:00.108Z", "modified_at": "2024-03-11T18:11:00.112Z", "name_ru": "Автономный округ", "name_eng": "Autonomous Area "}}, {"model": "homepage.geocategory", "pk": 6, "fields": {"created_at": "2024-03-11T18:11:00.108Z", "modified_at": "2024-03-11T18:11:00.112Z", "name_ru": "Область", "name_eng": "Region"}}, {"model": "homepage.geocategory", "pk": 7, "fields": {"created_at": "2024-03-11T18:11:00.108Z", "modified_at": "2024-03-11T18:11:00.112Z", "name_ru": "Автономная область", "name_eng": "Autonomous Region"}}, {"model": "homepage.geocategory", "pk": 8, "fields": {"created_at": "2024-03-11T18:11:00.108Z", "modified_at": "2024-03-11T18:11:00.112Z", "name_ru": "Город федерального значения", "name_eng": "City"}}, {"model": "homepage.districtname", "pk": 1, "fields": {"created_at": "2024-03-11T18:11:00.064Z", "modified_at": "2024-03-11T18:11:00.104Z", "ru": "Центральный федеральный округ", "short_ru": "ЦФО", "eng": "Central Federal District"}}, {"model": "homepage.districtname", "pk": 2, "fields": {"created_at": "2024-03-11T18:11:00.064Z", "modified_at": "2024-03-11T18:11:00.104Z", "ru": "Северо-Западный федеральный округ", "short_ru": "СЗФО", "eng": "Northwestern Federal District"}}, {"model": "homepage.districtname", "pk": 3, "fields": {"created_at": "2024-03-11T18:11:00.064Z", "modified_at": "2024-03-11T18:11:00.104Z", "ru": "Южный федеральный округ", "short_ru": "ЮФО", "eng": "Southern Federal District"}}, {"model": "homepage.districtname", "pk": 4, "fields": {"created_at": "2024-03-11T18:11:00.064Z", "modified_at": "2024-03-11T18:11:00.104Z", "ru": "Северо-Кавказский федеральный округ", "short_ru": "СКФО", "eng": "North Caucasus Federal District"}}, {"model": "homepage.districtname", "pk": 5, "fields": {"created_at": "2024-03-11T18:11:00.064Z", "modified_at": "2024-03-11T18:11:00.104Z", "ru": "Приволжский федеральный округ", "short_ru": "ПФО", "eng": "Privolzhsky Federal District"}}, {"model": "homepage.districtname", "pk": 6, "fields": {"created_at": "2024-03-11T18:11:00.064Z", "modified_at": "2024-03-11T18:11:00.104Z", "ru": "Уральский федеральный округ", "short_ru": "УФО", "eng": "Urals Federal District"}}, {"model": "homepage.districtname", "pk": 7, "fields": {"created_at": "2024-03-11T18:11:00.064Z", "modified_at": "2024-03-11T18:11:00.104Z", "ru": "Сибирский федеральный округ", "short_ru": "СФО", "eng": "Siberian Federal District"}}, {"model": "homepage.districtname", "pk": 8, "fields": {"created_at": "2024-03-11T18:11:00.064Z", "modified_at": "2024-03-11T18:11:00.104Z", "ru": "Дальневосточный федеральный округ", "short_ru": "ДФО", "eng": "Fareast Federal District"}}, {"model": "homepage.districtname", "pk": 9, "fields": {"created_at": "2024-03-11T18:11:00.064Z", "modified_at": "2024-03-11T18:11:00.104Z", "ru": "Крымский федеральный округ", "short_ru": "КФО", "eng": "Crimean Federal District"}}, {"model": "homepage.territorialunit", "pk": 1, "fields": {"created_at": "2024-03-11T18:11:00.116Z", "modified_at": "2024-03-11T18:11:00.141Z", "name_ru": "Российская Федерация", "name_eng": "Russian Federation", "geo_category": 1, "district": null}}, {"model": "homepage.territorialunit", "pk": 2, "fields": {"created_at": "2024-03-11T18:11:00.116Z", "modified_at": "2024-03-11T18:11:00.141Z", "name_ru": "Центральный федеральный округ", "name_eng": "Central Federal District", "geo_category": 2, "district": 1}}, {"model": "homepage.territorialunit", "pk": 3, "fields": {"created_at": "2024-03-11T18:11:00.116Z", "modified_at": "2024-03-11T18:11:00.141Z", "name_ru": "Северо-Западный федеральный округ", "name_eng": "Northwestern Federal District", "geo_category": 2, "district": 2}}, {"model": "homepage.territorialunit", "pk": 4, "fields": {"created_at": "2024-03-11T18:11:00.116Z", "modified_at": "2024-03-11T18:11:00.141Z", "name_ru": "Южный федеральный округ", "name_eng": "Southern Federal District", "geo_category": 2, "district": 3}}, {"model": "homepage.territorialunit", "pk": 5, "fields": {"created_at": "2024-03-11T18:11:00.116Z", "modified_at": "2024-03-11T18:11:00.141Z", "name_ru": "Северо-Кавказский федеральный округ", "name_eng": "North Caucasus Federal District", "geo_category": 2, "district": 4}}, {"model": "homepage.territorialunit", "pk": 6, "fields": {"created_at": "2024-03-11T18:11:00.116Z", "modified_at": "2024-03-11T18:11:00.141Z", "name_ru": "Приволжский федеральный округ", "name_eng": "Privolzhsky Federal District", "geo_category": 2, "district": 5}}, {"model": "homepage.territorialunit", "pk": 7, "fields": {"created_at": "2024-03-11T18:11:00.116Z", "modified_at": "2024-03-11T18:11:00.141Z", "name_ru": "Уральский федеральный округ", "name_eng": "Urals Federal District", "geo_category": 2, "district": 6}}, {"model": "homepage.territorialunit", "pk": 8, "fields": {"created_at": "2024-03-11T18:11:00.116Z", "modified_at": "2024-03-11T18:11:00.141Z", "name_ru": "Сибирский федеральный округ", "name_eng": "Siberian Federal District", "geo_category": 2, "district": 7}}, {"model": "homepage.territorialunit", "pk": 9, "fields": {"created_at": "2024-03-11T18:11:00.116Z", "modified_at": "2024-03-11T18:11:00.141Z", "name_ru": "Дальневосточный федеральный округ", "name_eng": "Fareast Federal District", "geo_category": 2, "district": 8}}, {"model": "homepage.territorialunit", "pk": 10, "fields": {"created_at": "2024-03-11T18:11:00.116Z", "modified_at": "2024-03-11T18:11:00.141Z", "name_ru": "Крымский федеральный округ", "name_eng": "Crimean Federal District", "geo_category": 2, "district": 9}}, {"model": "homepage.territorialunit", "pk": 11, "fields": {"created_at": "2024-03-11T18:11:00.116Z", "modified_at": "2024-03-11T18:11:00.141Z", "name_ru": "Белгородская область", "name_eng": "Belgorod Region", "geo_category": 6, "district": 1}}, {"model": "homepage.territorialunit", "pk": 12, "fields": {"created_at": "2024-03-11T18:11:00.116Z", "modified_at": "2024-03-11T18:11:00.141Z", "name_ru": "Брянская область", "name_eng": "Bryansk Region", "geo_category": 6, "district": 1}}, {"model": "homepage.territorialunit", "pk": 13, "fields": {"created_at": "2024-03-11T18:11:00.116Z", "modified_at": "2024-03-11T18:11:00.141Z", "name_ru": "Владимирская область", "name_eng": "Vladimir Region", "geo_category": 6, "district": 1}}, {"model": "homepage.territorialunit", "pk": 14, "fields": {"created_at": "2024-03-11T18:11:00.116Z", "modified_at": "2024-03-11T18:11:00.141Z", "name_ru": "Воронежская область", "name_eng": "Voronezh Region", "geo_category": 6, "district": 1}}, {"model": "homepage.territorialunit", "pk": 15, "fields": {"created_at": "2024-03-11T18:11:00.116Z", "modified_at": "2024-03-11T18:11:00.141Z", "name_ru": "Ивановская область", "name_eng": "Ivanovo Region", "geo_category": 6, "district": 1}}, {"model": "homepage.territorialunit", "pk": 16, "fields": {"created_at": "2024-03-11T18:11:00.116Z", "modified_at": "2024-03-11T18:11:00.141Z", "name_ru": "Калужская область", "name_eng": "Kaluga Region", "geo_category": 6, "district": 1}}, {"model": "homepage.territorialunit", "pk": 17, "fields": {"created_at": "2024-03-11T18:11:00.116Z", "modified_at": "2024-03-11T18:11:00.141Z", "name_ru": "Костромская область", "name_eng": "Kostroma Region", "geo_category": 6, "district": 1}}, {"model": "homepage.territorialunit", "pk": 18, "fields": {"created_at": "2024-03-11T18:11:00.116Z", "modified_at": "2024-03-11T18:11:00.141Z", "name_ru": "Курская область", "name_eng": "Kursk Region", "geo_category": 6, "district": 1}}, {"model": "homepage.territorialunit", "pk": 19, "fields": {"created_at": "2024-03-11T18:11:00.116Z", "modified_at": "2024-03-11T18:11:00.141Z", "name_ru": "Липецкая область", "name_eng": "Lipetsk Region", "geo_category": 6, "district": 1}}, {"model": "homepage.territorialunit", "pk": 20, "fields": {"created_at": "2024-03-11T18:11:00.116Z", "modified_at": "2024-03-11T18:11:00.141Z", "name_ru": "Московская область", "name_eng": "Moscow Region", "geo_category": 6, "district": 1}}, {"model": "homepage.territorialunit", "pk": 21, "fields": {"created_at": "2024-03-11T18:11:00.116Z", "modified_at": "2024-03-11T18:11:00.141Z", "name_ru": "Архангельская область", "name_eng": "Arkhangelsk Region", "geo_category": 6, "district": 2}}, {"model": "homepage.territorialunit", "pk": 22, "fields": {"created_at": "2024-03-11T18:11:00.116Z", "modified_at": "2024-03-11T18:11:00.141Z", "name_ru": "Ненецкий автономный округ", "name_eng": "Nenets Autonomous Area", "geo_category": 5, "district": 2}}, {"model": "homepage.territorialunit", "pk": 23, "fields": {"created_at": "2024-03-11T18:11:00.116Z", "modified_at": "2024-03-11T18:11:00.141Z", "name_ru": "Вологодская область", "name_eng": "Vologda Region", "geo_category": 6, "district": 2}}, {"model": "homepage.territorialunit", "pk": 24, "fields": {"created_at": "2024-03-11T18:11:00.116Z", "modified_at": "2024-03-11T18:11:00.141Z", "name_ru": "Калининградская область", "name_eng": "Kaliningrad Region", "geo_category": 6, "district": 2}}, {"model": "homepage.territorialunit", "pk": 25, "fields": {"created_at": "2024-03-11T18:11:00.116Z", "modified_at": "2024-03-11T18:11:00.141Z", "name_ru": "Ленинградская область", "name_eng": "Leningrad Region", "geo_category": 6, "district": 2}}, {"model": "homepage.territorialunit", "pk": 26, "fields": {"created_at": "2024-03-11T18:11:00.116Z", "modified_at": "2024-03-11T18:11:00.141Z", "name_ru": "Мурманская область", "name_eng": "Murmansk Region", "geo_category": 6, "district": 2}}, {"model": "homepage.territorialunit", "pk": 27, "fields": {"created_at": "2024-03-11T18:11:00.116Z", "modified_at": "2024-03-11T18:11:00.141Z", "name_ru": "Новгородская область", "name_eng": "Novgorod Region", "geo_category": 6, "district": 2}}, {"model": "homepage.territorialunit", "pk": 28, "fields": {"created_at": "2024-03-11T18:11:00.116Z", "modified_at": "2024-03-11T18:11:00.141Z", "name_ru": "Псковская область", "name_eng": "Pskov Region", "geo_category": 6, "district": 2}}, {"model": "homepage.territorialunit", "pk": 29, "fields": {"created_at": "2024-03-11T18:11:00.116Z", "modified_at": "2024-03-11T18:11:00.141Z", "name_ru": "г. Санкт-Петербург", "name_eng": "St Petersburg", "geo_category": 8, "district": 2}}, {"model": "homepage.territorialunit", "pk": 30, "fields": {"created_at": "2024-03-11T18:11:00.116Z", "modified_at": "2024-03-11T18:11:00.141Z", "name_ru": "Республика Адыгея", "name_eng": "Republic of Adygea", "geo_category": 3, "district": 3}}, {"model": "homepage.territorialunit", "pk": 31, "fields": {"created_at": "2024-03-11T18:11:00.116Z", "modified_at": "2024-03-11T18:11:00.141Z", "name_ru": "Республика Калмыкия", "name_eng": "Republic of Kalmykia", "geo_category": 3, "district": 3}}, {"model": "homepage.territorialunit", "pk": 32, "fields": {"created_at": "2024-03-11T18:11:00.116Z", "modified_at": "2024-03-11T18:11:00.141Z", "name_ru": "Республика Крым", "name_eng": "Republic of Crimea", "geo_category": 3, "district": 3}}, {"model": "homepage.territorialunit", "pk": 33, "fields": {"created_at": "2024-03-11T18:11:00.116Z", "modified_at": "2024-03-11T18:11:00.141Z", "name_ru": "Краснодарский край", "name_eng": "Krasnodar Territory", "geo_category": 4, "district": 3}}, {"model": "homepage.territorialunit", "pk": 34, "fields": {"created_at": "2024-03-11T18:11:00.116Z", "modified_at": "2024-03-11T18:11:00.141Z", "name_ru": "Астраханская область", "name_eng": "Astrakhan Region", "geo_category": 6, "district": 3}}, {"model": "homepage.territorialunit", "pk": 35, "fields": {"created_at": "2024-03-11T18:11:00.116Z", "modified_at": "2024-03-11T18:11:00.141Z", "name_ru": "Волгоградская область", "name_eng": "Volgograd Region", "geo_category": 6, "district": 3}}, {"model": "homepage.territorialunit", "pk": 36, "fields": {"created_at": "2024-03-11T18:11:00.116Z", "modified_at": "2024-03-11T18:11:00.141Z", "name_ru": "Ростовская область", "name_eng": "Rostov Region", "geo_category": 6, "district": 3}}, {"model": "homepage.territorialunit", "pk": 37, "fields": {"created_at": "2024-03-11T18:11:00.116Z", "modified_at": "2024-03-11T18:11:00.141Z", "name_ru": "г. Севастополь", "name_eng": "City of Sevastopol", "geo_category": 8, "district": 3}}, {"model": "homepage.territorialunit", "pk": 38, "fields": {"created_at": "2024-03-11T18:11:00.116Z", "modified_at": "2024-03-11T18:11:00.141Z", "name_ru": "Республика Дагестан", "name_eng": "Republic of Dagestan", "geo_category": 3, "district": 4}}, {"model": "homepage.territorialunit", "pk": 39, "fields": {"created_at": "2024-03-11T18:11:00.116Z", "modified_at": "2024-03-11T18:11:00.141Z", "name_ru": "Республика Ингушетия", "name_eng": "Republic of Ingushetia", "geo_category": 3, "district": 4}}, {"model": "homepage.territorialunit", "pk": 40, "fields": {"created_at": "2024-03-11T18:11:00.116Z", "modified_at": "2024-03-11T18:11:00.141Z", "name_ru": "Кабардино-Балкарская Республика", "name_eng": "Kabardino-Balkarian Republic", "geo_category": 3, "district": 4}}, {"model": "homepage.territorialunit", "pk": 41, "fields": {"created_at": "2024-03-11T18:11:00.116Z", "modified_at": "2024-03-11T18:11:00.141Z", "name_ru": "Карачаево-Черкесская Республика", "name_eng": "Karachayevo-Circassian Republic", "geo_category": 3, "district": 4}}, {"model": "homepage.territorialunit", "pk": 42, "fields": {"created_at": "2024-03-11T18:11:00.116Z", "modified_at": "2024-03-11T18:11:00.141Z", "name_ru": "Республика Северная Осетия — Алания", "name_eng": "Republic of North Ossetia – Alania", "geo_category": 3, "district": 4}}, {"model": "homepage.territorialunit", "pk": 43, "fields": {"created_at": "2024-03-11T18:11:00.116Z", "modified_at": "2024-03-11T18:11:00.141Z", "name_ru": "Чеченская Республика", "name_eng": "Chechen Republic", "geo_category": 3, "district": 4}}, {"model": "homepage.territorialunit", "pk": 44, "fields": {"created_at": "2024-03-11T18:11:00.116Z", "modified_at": "2024-03-11T18:11:00.141Z", "name_ru": "Ставропольский край", "name_eng": "Stavropol Territory", "geo_category": 4, "district": 4}}, {"model": "homepage.territorialunit", "pk": 45, "fields": {"created_at": "2024-03-11T18:11:00.116Z", "modified_at": "2024-03-11T18:11:00.141Z", "name_ru": "Республика Башкортостан", "name_eng": "Republic of Bashkortostan", "geo_category": 3, "district": 5}}, {"model": "homepage.territorialunit", "pk": 46, "fields": {"created_at": "2024-03-11T18:11:00.116Z", "modified_at": "2024-03-11T18:11:00.141Z", "name_ru": "Республика Марий Эл", "name_eng": "Republic of Mari El", "geo_category": 3, "district": 5}}, {"model": "homepage.territorialunit", "pk": 47, "fields": {"created_at": "2024-03-11T18:11:00.116Z", "modified_at": "2024-03-11T18:11:00.141Z", "name_ru": "Республика Мордовия", "name_eng": "Republic of Mordovia", "geo_category": 3, "district": 5}}, {"model": "homepage.territorialunit", "pk": 48, "fields": {"created_at": "2024-03-11T18:11:00.116Z", "modified_at": "2024-03-11T18:11:00.141Z", "name_ru": "Республика Татарстан", "name_eng": "Republic of Tatarstan", "geo_category": 3, "district": 5}}, {"model": "homepage.territorialunit", "pk": 49, "fields": {"created_at": "2024-03-11T18:11:00.116Z", "modified_at": "2024-03-11T18:11:00.141Z", "name_ru": "Удмуртская Республика", "name_eng": "Republic of Udmurtia", "geo_category": 3, "district": 5}}, {"model": "homepage.territorialunit", "pk": 50, "fields": {"created_at": "2024-03-11T18:11:00.116Z", "modified_at": "2024-03-11T18:11:00.141Z", "name_ru": "Чувашская Республика", "name_eng": "Chuvash Republic", "geo_category": 3, "district": 5}}, {"model": "homepage.territorialunit", "pk": 51, "fields": {"created_at": "2024-03-11T18:11:00.116Z", "modified_at": "2024-03-11T18:11:00.141Z", "name_ru": "Пермский край", "name_eng": "Perm Territory", "geo_category": 4, "district": 5}}, {"model": "homepage.territorialunit", "pk": 52, "fields": {"created_at": "2024-03-11T18:11:00.116Z", "modified_at": "2024-03-11T18:11:00.141Z", "name_ru": "Кировская область", "name_eng": "Kirov Region", "geo_category": 6, "district": 5}}, {"model": "homepage.territorialunit", "pk": 53, "fields": {"created_at": "2024-03-11T18:11:00.116Z", "modified_at": "2024-03-11T18:11:00.141Z", "name_ru": "Нижегородская область", "name_eng": "Nizhny Novgorod Region", "geo_category": 6, "district": 5}}, {"model": "homepage.territorialunit", "pk": 54, "fields": {"created_at": "2024-03-11T18:11:00.116Z", "modified_at": "2024-03-11T18:11:00.141Z", "name_ru": "Оренбургская область", "name_eng": "Orenburg Region", "geo_category": 6, "district": 5}}, {"model": "homepage.territorialunit", "pk": 55, "fields": {"created_at": "2024-03-11T18:11:00.116Z", "modified_at": "2024-03-11T18:11:00.141Z", "name_ru": "Пензенская область", "name_eng": "Penza Region", "geo_category": 6, "district": 5}}, {"model": "homepage.territorialunit", "pk": 56, "fields": {"created_at": "2024-03-11T18:11:00.116Z", "modified_at": "2024-03-11T18:11:00.141Z", "name_ru": "Самарская область", "name_eng": "Samara Region", "geo_category": 6, "district": 5}}, {"model": "homepage.territorialunit", "pk": 57, "fields": {"created_at": "2024-03-11T18:11:00.116Z", "modified_at": "2024-03-11T18:11:00.141Z", "name_ru": "Саратовская область", "name_eng": "Saratov Region", "geo_category": 6, "district": 5}}, {"model": "homepage.territorialunit", "pk": 58, "fields": {"created_at": "2024-03-11T18:11:00.116Z", "modified_at": "2024-03-11T18:11:00.141Z", "name_ru": "Ульяновская область", "name_eng": "Ulyanovsk Region", "geo_category": 6, "district": 5}}, {"model": "homepage.territorialunit", "pk": 59, "fields": {"created_at": "2024-03-11T18:11:00.116Z", "modified_at": "2024-03-11T18:11:00.141Z", "name_ru": "Курганская область", "name_eng": "Kurgan Region", "geo_category": 6, "district": 6}}, {"model": "homepage.territorialunit", "pk": 60, "fields": {"created_at": "2024-03-11T18:11:00.116Z", "modified_at": "2024-03-11T18:11:00.141Z", "name_ru": "Свердловская область", "name_eng": "Sverdlovsk Region", "geo_category": 6, "district": 6}}, {"model": "homepage.territorialunit", "pk": 61, "fields": {"created_at": "2024-03-11T18:11:00.116Z", "modified_at": "2024-03-11T18:11:00.141Z", "name_ru": "Тюменская область", "name_eng": "Tyumen Region", "geo_category": 6, "district": 6}}, {"model": "homepage.territorialunit", "pk": 62, "fields": {"created_at": "2024-03-11T18:11:00.116Z", "modified_at": "2024-03-11T18:11:00.141Z", "name_ru": "Ханты-Мансийский автономный округ — Югра", "name_eng": "Khanty-Mansi Autonomous Area – Yugra", "geo_category": 5, "district": 6}}, {"model": "homepage.territorialunit", "pk": 63, "fields": {"created_at": "2024-03-11T18:11:00.116Z", "modified_at": "2024-03-11T18:11:00.141Z", "name_ru": "Ямало-Ненецкий автономный округ", "name_eng": "Yamalo-Nenets Autonomous Area", "geo_category": 5, "district": 6}}, {"model": "homepage.territorialunit", "pk": 64, "fields": {"created_at": "2024-03-11T18:11:00.116Z", "modified_at": "2024-03-11T18:11:00.141Z", "name_ru": "Челябинская область", "name_eng": "Chelyabinsk Region", "geo_category": 6, "district": 6}}, {"model": "homepage.territorialunit", "pk": 65, "fields": {"created_at": "2024-03-11T18:11:00.116Z", "modified_at": "2024-03-11T18:11:00.141Z", "name_ru": "Республика Алтай", "name_eng": "Altai Republic", "geo_category": 3, "district": 7}}, {"model": "homepage.territorialunit", "pk": 66, "fields": {"created_at": "2024-03-11T18:11:00.116Z", "modified_at": "2024-03-11T18:11:00.141Z", "name_ru": "Республика Тыва", "name_eng": "Tuva Republic", "geo_category": 3, "district": 7}}, {"model": "homepage.territorialunit", "pk": 67, "fields": {"created_at": "2024-03-11T18:11:00.116Z", "modified_at": "2024-03-11T18:11:00.141Z", "name_ru": "Республика Хакасия", "name_eng": "Khakassia Republic", "geo_category": 3, "district": 7}}, {"model": "homepage.territorialunit", "pk": 68, "fields": {"created_at": "2024-03-11T18:11:00.116Z", "modified_at": "2024-03-11T18:11:00.141Z", "name_ru": "Алтайский край", "name_eng": "Altai Territory", "geo_category": 4, "district": 7}}, {"model": "homepage.territorialunit", "pk": 69, "fields": {"created_at": "2024-03-11T18:11:00.116Z", "modified_at": "2024-03-11T18:11:00.141Z", "name_ru": "Красноярский край", "name_eng": "Krasnoyarsk Territory", "geo_category": 4, "district": 7}}, {"model": "homepage.territorialunit", "pk": 70, "fields": {"created_at": "2024-03-11T18:11:00.116Z", "modified_at": "2024-03-11T18:11:00.141Z", "name_ru": "Иркутская область", "name_eng": "Irkutsk Region", "geo_category": 6, "district": 7}}, {"model": "homepage.territorialunit", "pk": 71, "fields": {"created_at": "2024-03-11T18:11:00.116Z", "modified_at": "2024-03-11T18:11:00.141Z", "name_ru": "Кемеровская область", "name_eng": "Kemerovo Region", "geo_category": 4, "district": 7}}, {"model": "homepage.territorialunit", "pk": 72, "fields": {"created_at": "2024-03-11T18:11:00.116Z", "modified_at": "2024-03-11T18:11:00.141Z", "name_ru": "Новосибирская область", "name_eng": "Novosibirsk Region", "geo_category": 6, "district": 7}}, {"model": "homepage.territorialunit", "pk": 73, "fields": {"created_at": "2024-03-11T18:11:00.116Z", "modified_at": "2024-03-11T18:11:00.141Z", "name_ru": "Омская область", "name_eng": "Omsk Region", "geo_category": 6, "district": 7}}, {"model": "homepage.territorialunit", "pk": 74, "fields": {"created_at": "2024-03-11T18:11:00.116Z", "modified_at": "2024-03-11T18:11:00.141Z", "name_ru": "Томская область", "name_eng": "Tomsk Region", "geo_category": 6, "district": 7}}, {"model": "homepage.territorialunit", "pk": 75, "fields": {"created_at": "2024-03-11T18:11:00.116Z", "modified_at": "2024-03-11T18:11:00.141Z", "name_ru": "Республика Бурятия", "name_eng": "Republic of Buryatia", "geo_category": 3, "district": 8}}, {"model": "homepage.territorialunit", "pk": 76, "fields": {"created_at": "2024-03-11T18:11:00.116Z", "modified_at": "2024-03-11T18:11:00.141Z", "name_ru": "Республика Саха (Якутия)", "name_eng": "Republic of Sakha (Yakutia)", "geo_category": 3, "district": 8}}, {"model": "homepage.territorialunit", "pk": 77, "fields": {"created_at": "2024-03-11T18:11:00.116Z", "modified_at": "2024-03-11T18:11:00.141Z", "name_ru": "Забайкальский край", "name_eng": "Transbaikal Territory", "geo_category": 4, "district": 8}}, {"model": "homepage.territorialunit", "pk": 78, "fields": {"created_at": "2024-03-11T18:11:00.116Z", "modified_at": "2024-03-11T18:11:00.141Z", "name_ru": "Камчатский край", "name_eng": "Kamchatka Territory", "geo_category": 4, "district": 8}}, {"model": "homepage.territorialunit", "pk": 79, "fields": {"created_at": "2024-03-11T18:11:00.116Z", "modified_at": "2024-03-11T18:11:00.141Z", "name_ru": "Приморский край", "name_eng": "Primorsky Territory", "geo_category": 4, "district": 8}}, {"model": "homepage.territorialunit", "pk": 80, "fields": {"created_at": "2024-03-11T18:11:00.116Z", "modified_at": "2024-03-11T18:11:00.141Z", "name_ru": "Хабаровский край", "name_eng": "Khabarovsk Territory", "geo_category": 4, "district": 8}}, {"model": "homepage.territorialunit", "pk": 81, "fields": {"created_at": "2024-03-11T18:11:00.116Z", "modified_at": "2024-03-11T18:11:00.141Z", "name_ru": "Амурская область", "name_eng": "Amur Region", "geo_category": 6, "district": 8}}, {"model": "homepage.territorialunit", "pk": 82, "fields": {"created_at": "2024-03-11T18:11:00.116Z", "modified_at": "2024-03-11T18:11:00.141Z", "name_ru": "Магаданская область", "name_eng": "Magadan Region", "geo_category": 6, "district": 8}}, {"model": "homepage.territorialunit", "pk": 83, "fields": {"created_at": "2024-03-11T18:11:00.116Z", "modified_at": "2024-03-11T18:11:00.141Z", "name_ru": "Сахалинская область", "name_eng": "Sakhalin Region", "geo_category": 6, "district": 8}}, {"model": "homepage.territorialunit", "pk": 84, "fields": {"created_at": "2024-03-11T18:11:00.116Z", "modified_at": "2024-03-11T18:11:00.141Z", "name_ru": "Еврейская автономная область", "name_eng": "Jewish Autonomous Region", "geo_category": 7, "district": 8}}, {"model": "homepage.territorialunit", "pk": 85, "fields": {"created_at": "2024-03-11T18:11:00.116Z", "modified_at": "2024-03-11T18:11:00.141Z", "name_ru": "Чукотский автономный округ", "name_eng": "Chukotka Autonomous Area", "geo_category": 5, "district": 8}}, {"model": "homepage.territorialunit", "pk": 86, "fields": {"created_at": "2024-03-11T18:11:00.116Z", "modified_at": "2024-03-11T18:11:00.141Z", "name_ru": "Донецкая Народная Республика", "name_eng": "Donetsk People's Republic", "geo_category": 3, "district": 9}}, {"model": "homepage.territorialunit", "pk": 87, "fields": {"created_at": "2024-03-11T18:11:00.116Z", "modified_at": "2024-03-11T18:11:00.141Z", "name_ru": "Луганская Народная Республика", "name_eng": "Luhansk People's Republic", "geo_category": 3, "district": 9}}, {"model": "homepage.territorialunit", "pk": 88, "fields": {"created_at": "2024-03-11T18:11:00.116Z", "modified_at": "2024-03-11T18:11:00.141Z", "name_ru": "Запорожская область", "name_eng": "Zaporozhye region", "geo_category": 6, "district": 9}}, {"model": "homepage.territorialunit", "pk": 89, "fields": {"created_at": "2024-03-11T18:11:00.116Z", "modified_at": "2024-03-11T18:11:00.141Z", "name_ru": "Херсонская область", "name_eng": "Kherson region", "geo_category": 6, "district": 9}}, {"model": "auth.permission", "pk": 1, "fields": {"name": "Can add district name", "content_type": 1, "codename": "add_districtname"}}, {"model": "auth.permission", "pk": 2, "fields": {"name": "Can change district name", "content_type": 1, "codename": "change_districtname"}}, {"model": "auth.permission", "pk": 3, "fields": {"name": "Can delete district name", "content_type": 1, "codename": "delete_districtname"}}, {"model": "auth.permission", "pk": 4, "fields": {"name": "Can view district name", "content_type": 1, "codename": "view_districtname"}}, {"model": "auth.permission", "pk": 5, "fields": {"name": "Can add geo category", "content_type": 2, "codename": "add_geocategory"}}, {"model": "auth.permission", "pk": 6, "fields": {"name": "Can change geo category", "content_type": 2, "codename": "change_geocategory"}}, {"model": "auth.permission", "pk": 7, "fields": {"name": "Can delete geo category", "content_type": 2, "codename": "delete_geocategory"}}, {"model": "auth.permission", "pk": 8, "fields": {"name": "Can view geo category", "content_type": 2, "codename": "view_geocategory"}}, {"model": "auth.permission", "pk": 9, "fields": {"name": "Can add territorial unit", "content_type": 3, "codename": "add_territorialunit"}}, {"model": "auth.permission", "pk": 10, "fields": {"name": "Can change territorial unit", "content_type": 3, "codename": "change_territorialunit"}}, {"model": "auth.permission", "pk": 11, "fields": {"name": "Can delete territorial unit", "content_type": 3, "codename": "delete_territorialunit"}}, {"model": "auth.permission", "pk": 12, "fields": {"name": "Can view territorial unit", "content_type": 3, "codename": "view_territorialunit"}}, {"model": "auth.permission", "pk": 13, "fields": {"name": "Can add log entry", "content_type": 4, "codename": "add_logentry"}}, {"model": "auth.permission", "pk": 14, "fields": {"name": "Can change log entry", "content_type": 4, "codename": "change_logentry"}}, {"model": "auth.permission", "pk": 15, "fields": {"name": "Can delete log entry", "content_type": 4, "codename": "delete_logentry"}}, {"model": "auth.permission", "pk": 16, "fields": {"name": "Can view log entry", "content_type": 4, "codename": "view_logentry"}}, {"model": "auth.permission", "pk": 17, "fields": {"name": "Can add permission", "content_type": 5, "codename": "add_permission"}}, {"model": "auth.permission", "pk": 18, "fields": {"name": "Can change permission", "content_type": 5, "codename": "change_permission"}}, {"model": "auth.permission", "pk": 19, "fields": {"name": "Can delete permission", "content_type": 5, "codename": "delete_permission"}}, {"model": "auth.permission", "pk": 20, "fields": {"name": "Can view permission", "content_type": 5, "codename": "view_permission"}}, {"model": "auth.permission", "pk": 21, "fields": {"name": "Can add group", "content_type": 6, "codename": "add_group"}}, {"model": "auth.permission", "pk": 22, "fields": {"name": "Can change group", "content_type": 6, "codename": "change_group"}}, {"model": "auth.permission", "pk": 23, "fields": {"name": "Can delete group", "content_type": 6, "codename": "delete_group"}}, {"model": "auth.permission", "pk": 24, "fields": {"name": "Can view group", "content_type": 6, "codename": "view_group"}}, {"model": "auth.permission", "pk": 25, "fields": {"name": "Can add user", "content_type": 7, "codename": "add_user"}}, {"model": "auth.permission", "pk": 26, "fields": {"name": "Can change user", "content_type": 7, "codename": "change_user"}}, {"model": "auth.permission", "pk": 27, "fields": {"name": "Can delete user", "content_type": 7, "codename": "delete_user"}}, {"model": "auth.permission", "pk": 28, "fields": {"name": "Can view user", "content_type": 7, "codename": "view_user"}}, {"model": "auth.permission", "pk": 29, "fields": {"name": "Can add content type", "content_type": 8, "codename": "add_contenttype"}}, {"model": "auth.permission", "pk": 30, "fields": {"name": "Can change content type", "content_type": 8, "codename": "change_contenttype"}}, {"model": "auth.permission", "pk": 31, "fields": {"name": "Can delete content type", "content_type": 8, "codename": "delete_contenttype"}}, {"model": "auth.permission", "pk": 32, "fields": {"name": "Can view content type", "content_type": 8, "codename": "view_contenttype"}}, {"model": "auth.permission", "pk": 33, "fields": {"name": "Can add session", "content_type": 9, "codename": "add_session"}}, {"model": "auth.permission", "pk": 34, "fields": {"name": "Can change session", "content_type": 9, "codename": "change_session"}}, {"model": "auth.permission", "pk": 35, "fields": {"name": "Can delete session", "content_type": 9, "codename": "delete_session"}}, {"model": "auth.permission", "pk": 36, "fields": {"name": "Can view session", "content_type": 9, "codename": "view_session"}}, {"model": "contenttypes.contenttype", "pk": 1, "fields": {"app_label": "homepage", "model": "districtname"}}, {"model": "contenttypes.contenttype", "pk": 2, "fields": {"app_label": "homepage", "model": "geocategory"}}, {"model": "contenttypes.contenttype", "pk": 3, "fields": {"app_label": "homepage", "model": "territorialunit"}}, {"model": "contenttypes.contenttype", "pk": 4, "fields": {"app_label": "admin", "model": "logentry"}}, {"model": "contenttypes.contenttype", "pk": 5, "fields": {"app_label": "auth", "model": "permission"}}, {"model": "contenttypes.contenttype", "pk": 6, "fields": {"app_label": "auth", "model": "group"}}, {"model": "contenttypes.contenttype", "pk": 7, "fields": {"app_label": "auth", "model": "user"}}, {"model": "contenttypes.contenttype", "pk": 8, "fields": {"app_label": "contenttypes", "model": "contenttype"}}, {"model": "contenttypes.contenttype", "pk": 9, "fields": {"app_label": "sessions", "model": "session"}}]